<?xml version="1.0" encoding="UTF-8" standalone="yes"?>
<addon id="plugin.video.dhakaflix" name="DhakaFlix media" version="1.0.0" provider-name="tazihad">
    <requires>
        <import addon="xbmc.python" version="3.0.0"/>
        <import addon="script.module.requests" version="2.9.1"/>
    </requires>
    <extension point="xbmc.python.pluginsource" library="main.py">
        <provides>video</provides>
    </extension>
    <extension point="xbmc.addon.metadata">
        <summary lang="en">DhakaFlix Local Streamer</summary>
        <description lang="en">DhakaFlix streamer for Movies and TV Series.</description>
        <platform>all</platform>
        <assets>
            <icon>icon.png</icon>
            <fanart>fanart.jpg</fanart>
        </assets>
    </extension>
</addon>
