<?xml version="1.0" encoding="UTF-8" standalone="yes"?>
<addon id="repository.tazihad.dhakaflix" name="DhakaFlix Repository" version="1.0.0" provider-name="tazihad">
    <extension point="xbmc.addon.repository" name="DhakaFlix Addon Updates">
        <dir>
            <info compressed="false">https://raw.githubusercontent.com/tazihad/dhakaflix-kodi/main/zips/addons.xml</info>
            <checksum>https://raw.githubusercontent.com/tazihad/dhakaflix-kodi/main/zips/addons.xml.md5</checksum>
            <datadir zip="true">https://raw.githubusercontent.com/tazihad/dhakaflix-kodi/main/zips/</datadir>
        </dir>
    </extension>
    <extension point="xbmc.addon.metadata">
        <summary>Repository for the DhakaFlix Kodi Add-on.</summary>
        <description>Provides automatic updates for the DhakaFlix video add-on.</description>
        <platform>all</platform>
        <assets>
            <icon>icon.png</icon>
            <fanart>fanart.jpg</fanart>
        </assets>
    </extension>
</addon>
